Column1,Column2,Column3,Column4,Column5,Column6,Column7,Column8,Column9,Column10,Column11,Column12,Column13,Column14,Column15,Column16,Column17,Column18,Column19,Column20,Column21,Column22,Column23,Column24,Column25,Column26,Column27,Column28
# id, field_name, field_type, field_length, field_precision, field_scale, field_cn_name, field_en_name, field_th_name, fill_order, is_required, default_value, validation_rule, placeholder_cn, placeholder_en, placeholder_th, help_text_cn, help_text_en, help_text_th, field_group, field_group_cn, field_group_en, field_group_th, report_type, is_active, created_at, updated_at, fillpos
'28', 'report_number', 'VARCHAR', '50', NULL, NULL, '报告编号', 'Report Number', '????????????', '1', '1', NULL, NULL, NULL, NULL, NULL, NULL, NULL, NULL, 'header_information', '表头信息', 'Header Information', '?????????????', 'AMLO-1-01', '1', '2025-10-03 02:23:52', '2025-10-25 15:05:50', 'fill_52'
'29', 'report_date_day', 'INT', NULL, NULL, NULL, '报告日期-日', 'Report Date - Day', '??????', '2', '1', NULL, NULL, NULL, NULL, NULL, NULL, NULL, NULL, 'header_information', '表头信息', 'Header Information', '?????????????', 'AMLO-1-01', '1', '2025-10-03 02:23:52', '2025-10-12 15:03:01', NULL
'30', 'report_date_month', 'INT', NULL, NULL, NULL, '报告日期-月', 'Report Date - Month', '?????', '3', '1', NULL, NULL, NULL, NULL, NULL, NULL, NULL, NULL, 'header_information', '表头信息', 'Header Information', '?????????????', 'AMLO-1-01', '1', '2025-10-03 02:23:52', '2025-10-12 15:03:01', NULL
'31', 'report_date_year', 'INT', NULL, NULL, NULL, '报告日期-年', 'Report Date - Year', '?.?.', '4', '1', NULL, NULL, NULL, NULL, NULL, NULL, NULL, NULL, 'header_information', '表头信息', 'Header Information', '?????????????', 'AMLO-1-01', '1', '2025-10-03 02:23:52', '2025-10-12 15:03:01', NULL
'32', 'origin_report_number', 'VARCHAR', '100', NULL, NULL, '原报告编号', 'Origin Report Number', '??????????????????', '5', '0', NULL, NULL, NULL, NULL, NULL, NULL, NULL, NULL, 'header_information', '表头信息', 'Header Information', '?????????????', 'AMLO-1-01', '1', '2025-10-03 02:23:52', '2025-10-12 15:03:01', NULL
'33', 'is_first_report', 'BOOLEAN', NULL, NULL, NULL, '是否首次报告', 'Is First Report', '?????????????', '10', '1', NULL, NULL, NULL, NULL, NULL, NULL, NULL, NULL, 'report_type_selection', '报告类型', 'Report Type', '????????????', 'AMLO-1-01', '1', '2025-10-03 02:23:52', '2025-10-12 15:03:01', NULL
'34', 'is_amendment_report', 'BOOLEAN', NULL, NULL, NULL, '是否修改报告', 'Is Amendment Report', '???????????????', '11', '0', NULL, NULL, NULL, NULL, NULL, NULL, NULL, NULL, 'report_type_selection', '报告类型', 'Report Type', '????????????', 'AMLO-1-01', '1', '2025-10-03 02:23:52', '2025-10-12 15:03:01', NULL
'35', 'reference_report_number', 'VARCHAR', '100', NULL, NULL, '参考报告编号', 'Reference Report Number', '??????????????????????? ??????', '12', '0', NULL, NULL, NULL, NULL, NULL, NULL, NULL, NULL, 'report_type_selection', '报告类型', 'Report Type', '????????????', 'AMLO-1-01', '1', '2025-10-03 02:23:52', '2025-10-12 15:03:01', NULL
'36', 'maker_type_person', 'BOOLEAN', NULL, NULL, NULL, '交易者类型-个人', 'Maker Type - Person', '????-???????', '20', '1', NULL, NULL, NULL, NULL, NULL, NULL, NULL, NULL, 'transaction_maker_information', '交易制作人信息', 'Transaction Maker Information', '??????? ? ????????????', 'AMLO-1-01', '1', '2025-10-03 02:23:52', '2025-10-12 15:03:01', NULL
'37', 'maker_type_juristic', 'BOOLEAN', NULL, NULL, NULL, '交易者类型-法人', 'Maker Type - Juristic', '??????????????????', '21', '0', NULL, NULL, NULL, NULL, NULL, NULL, NULL, NULL, 'transaction_maker_information', '交易制作人信息', 'Transaction Maker Information', '??????? ? ????????????', 'AMLO-1-01', '1', '2025-10-03 02:23:52', '2025-10-12 15:03:01', NULL
'38', 'maker_name_title', 'VARCHAR', '50', NULL, NULL, '交易者姓名-称谓', 'Maker Name Title', '???? (???????????????)', '22', '0', NULL, NULL, NULL, NULL, NULL, NULL, NULL, NULL, 'transaction_maker_information', '交易制作人信息', 'Transaction Maker Information', '??????? ? ????????????', 'AMLO-1-01', '1', '2025-10-03 02:23:52', '2025-10-12 15:03:01', NULL
'39', 'maker_firstname', 'VARCHAR', '100', NULL, NULL, '交易者名字', 'Maker First Name', '????', '23', '1', NULL, NULL, NULL, NULL, NULL, NULL, NULL, NULL, 'transaction_maker_information', '交易制作人信息', 'Transaction Maker Information', '??????? ? ????????????', 'AMLO-1-01', '1', '2025-10-03 02:23:52', '2025-10-12 15:03:01', NULL
'40', 'maker_lastname', 'VARCHAR', '100', NULL, NULL, '交易者姓氏', 'Maker Last Name', '???????', '24', '1', NULL, NULL, NULL, NULL, NULL, NULL, NULL, NULL, 'transaction_maker_information', '交易制作人信息', 'Transaction Maker Information', '??????? ? ????????????', 'AMLO-1-01', '1', '2025-10-03 02:23:52', '2025-10-12 15:03:01', NULL
'41', 'maker_company_name', 'VARCHAR', '200', NULL, NULL, '交易者法人名称', 'Maker Company Name', '?????????????', '25', '0', NULL, NULL, NULL, NULL, NULL, NULL, NULL, NULL, 'transaction_maker_information', '交易制作人信息', 'Transaction Maker Information', '??????? ? ????????????', 'AMLO-1-01', '1', '2025-10-03 02:23:52', '2025-10-12 15:03:01', NULL
'42', 'maker_id_type_national', 'BOOLEAN', NULL, NULL, NULL, 'ID类型-身份证', 'ID Type - National ID', '??????????????????', '30', '1', NULL, NULL, NULL, NULL, NULL, NULL, NULL, NULL, 'transaction_maker_information', '交易制作人信息', 'Transaction Maker Information', '??????? ? ????????????', 'AMLO-1-01', '1', '2025-10-03 02:23:52', '2025-10-12 15:03:01', NULL
'43', 'maker_id_type_passport', 'BOOLEAN', NULL, NULL, NULL, 'ID类型-护照', 'ID Type - Passport', '?????????????? ??????', '31', '0', NULL, NULL, NULL, NULL, NULL, NULL, NULL, NULL, 'transaction_maker_information', '交易制作人信息', 'Transaction Maker Information', '??????? ? ????????????', 'AMLO-1-01', '1', '2025-10-03 02:23:52', '2025-10-12 15:03:01', NULL
'44', 'maker_id_type_company', 'BOOLEAN', NULL, NULL, NULL, 'ID类型-法人注册号', 'ID Type - Company Registration', '???????????????????', '32', '0', NULL, NULL, NULL, NULL, NULL, NULL, NULL, NULL, 'transaction_maker_information', '交易制作人信息', 'Transaction Maker Information', '??????? ? ????????????', 'AMLO-1-01', '1', '2025-10-03 02:23:52', '2025-10-12 15:03:01', NULL
'45', 'maker_id_number', 'VARCHAR', '20', NULL, NULL, '身份证号码', 'ID Number', '???????????', '33', '1', NULL, NULL, NULL, NULL, NULL, NULL, NULL, NULL, 'transaction_maker_information', '交易制作人信息', 'Transaction Maker Information', '??????? ? ????????????', 'AMLO-1-01', '1', '2025-10-03 02:23:52', '2025-10-25 15:05:50', 'comb_1'
'46', 'maker_address_number', 'VARCHAR', '20', NULL, NULL, '地址-号码', 'Address Number', '??????? ??????', '40', '1', NULL, NULL, NULL, NULL, NULL, NULL, NULL, NULL, 'transaction_maker_information', '交易制作人信息', 'Transaction Maker Information', '??????? ? ????????????', 'AMLO-1-01', '1', '2025-10-03 02:23:52', '2025-10-12 15:03:01', NULL
'47', 'maker_address_village', 'VARCHAR', '100', NULL, NULL, '地址-村/大楼', 'Address Village/Building', '????????/?????', '41', '0', NULL, NULL, NULL, NULL, NULL, NULL, NULL, NULL, 'transaction_maker_information', '交易制作人信息', 'Transaction Maker Information', '??????? ? ????????????', 'AMLO-1-01', '1', '2025-10-03 02:23:52', '2025-10-12 15:03:01', NULL
'48', 'maker_address_lane', 'VARCHAR', '100', NULL, NULL, '地址-巷', 'Address Lane', '???', '42', '0', NULL, NULL, NULL, NULL, NULL, NULL, NULL, NULL, 'transaction_maker_information', '交易制作人信息', 'Transaction Maker Information', '??????? ? ????????????', 'AMLO-1-01', '1', '2025-10-03 02:23:52', '2025-10-12 15:03:01', NULL
'49', 'maker_address_road', 'VARCHAR', '100', NULL, NULL, '地址-路', 'Address Road', '???', '43', '0', NULL, NULL, NULL, NULL, NULL, NULL, NULL, NULL, 'transaction_maker_information', '交易制作人信息', 'Transaction Maker Information', '??????? ? ????????????', 'AMLO-1-01', '1', '2025-10-03 02:23:52', '2025-10-12 15:03:01', NULL
'50', 'maker_address_subdistrict', 'VARCHAR', '100', NULL, NULL, '地址-分区', 'Address Subdistrict', '????/????', '44', '1', NULL, NULL, NULL, NULL, NULL, NULL, NULL, NULL, 'transaction_maker_information', '交易制作人信息', 'Transaction Maker Information', '??????? ? ????????????', 'AMLO-1-01', '1', '2025-10-03 02:23:52', '2025-10-12 15:03:01', NULL
'51', 'maker_address_district', 'VARCHAR', '100', NULL, NULL, '地址-区', 'Address District', '?????/???', '45', '1', NULL, NULL, NULL, NULL, NULL, NULL, NULL, NULL, 'transaction_maker_information', '交易制作人信息', 'Transaction Maker Information', '??????? ? ????????????', 'AMLO-1-01', '1', '2025-10-03 02:23:52', '2025-10-12 15:03:01', NULL
'52', 'maker_address_province', 'VARCHAR', '100', NULL, NULL, '地址-省', 'Address Province', '???????', '46', '1', NULL, NULL, NULL, NULL, NULL, NULL, NULL, NULL, 'transaction_maker_information', '交易制作人信息', 'Transaction Maker Information', '??????? ? ????????????', 'AMLO-1-01', '1', '2025-10-03 02:23:52', '2025-10-12 15:03:01', NULL
'53', 'maker_address_postalcode', 'VARCHAR', '10', NULL, NULL, '地址-邮编', 'Address Postal Code', '????????????', '47', '0', NULL, NULL, NULL, NULL, NULL, NULL, NULL, NULL, 'transaction_maker_information', '交易制作人信息', 'Transaction Maker Information', '??????? ? ????????????', 'AMLO-1-01', '1', '2025-10-03 02:23:52', '2025-10-12 15:03:01', NULL
'54', 'maker_phone', 'VARCHAR', '20', NULL, NULL, '电话号码', 'Phone Number', '???????????????', '48', '0', NULL, NULL, NULL, NULL, NULL, NULL, NULL, NULL, 'transaction_maker_information', '交易制作人信息', 'Transaction Maker Information', '??????? ? ????????????', 'AMLO-1-01', '1', '2025-10-03 02:23:52', '2025-10-25 15:05:50', 'fill_7'
'55', 'maker_birthplace_province', 'VARCHAR', '100', NULL, NULL, '出生地/注册地-省', 'Birthplace Province', '??????????????????????????? ???????', '50', '0', NULL, NULL, NULL, NULL, NULL, NULL, NULL, NULL, 'transaction_maker_information', '交易制作人信息', 'Transaction Maker Information', '??????? ? ????????????', 'AMLO-1-01', '1', '2025-10-03 02:23:52', '2025-10-12 15:03:01', NULL
'56', 'maker_birthplace_country', 'VARCHAR', '100', NULL, NULL, '出生地/注册地-国家', 'Birthplace Country', '??????', '51', '0', NULL, NULL, NULL, NULL, NULL, NULL, NULL, NULL, 'transaction_maker_information', '交易制作人信息', 'Transaction Maker Information', '??????? ? ????????????', 'AMLO-1-01', '1', '2025-10-03 02:23:52', '2025-10-12 15:03:01', NULL
'57', 'maker_birthdate_day', 'INT', NULL, NULL, NULL, '出生日期-日', 'Birth Date - Day', '??????? ??????', '52', '0', NULL, NULL, NULL, NULL, NULL, NULL, NULL, NULL, 'transaction_maker_information', '交易制作人信息', 'Transaction Maker Information', '??????? ? ????????????', 'AMLO-1-01', '1', '2025-10-03 02:23:52', '2025-10-12 15:03:01', NULL
'58', 'maker_birthdate_month', 'INT', NULL, NULL, NULL, '出生日期-月', 'Birth Date - Month', '?????', '53', '0', NULL, NULL, NULL, NULL, NULL, NULL, NULL, NULL, 'transaction_maker_information', '交易制作人信息', 'Transaction Maker Information', '??????? ? ????????????', 'AMLO-1-01', '1', '2025-10-03 02:23:52', '2025-10-12 15:03:01', NULL
'59', 'maker_birthdate_year', 'INT', NULL, NULL, NULL, '出生日期-年', 'Birth Date - Year', '?.?.', '54', '0', NULL, NULL, NULL, NULL, NULL, NULL, NULL, NULL, 'transaction_maker_information', '交易制作人信息', 'Transaction Maker Information', '??????? ? ????????????', 'AMLO-1-01', '1', '2025-10-03 02:23:52', '2025-10-12 15:03:01', NULL
'60', 'maker_occupation_type', 'VARCHAR', '100', NULL, NULL, '职业类型', 'Occupation Type', '?????', '60', '0', NULL, NULL, NULL, NULL, NULL, NULL, NULL, NULL, 'transaction_maker_information', '交易制作人信息', 'Transaction Maker Information', '??????? ? ????????????', 'AMLO-1-01', '1', '2025-10-03 02:23:52', '2025-10-25 15:05:50', 'fill_9'
'61', 'maker_occupation_business_type', 'VARCHAR', '200', NULL, NULL, '业务类型', 'Business Type', '?????????????????????????', '61', '0', NULL, NULL, NULL, NULL, NULL, NULL, NULL, NULL, 'transaction_maker_information', '交易制作人信息', 'Transaction Maker Information', '??????? ? ????????????', 'AMLO-1-01', '1', '2025-10-03 02:23:52', '2025-10-24 12:04:11', 'fill_28'
'62', 'maker_occupation_employer', 'VARCHAR', '200', NULL, NULL, '雇主/公司名', 'Employer Name', '???????????/?????????????', '62', '0', NULL, NULL, NULL, NULL, NULL, NULL, NULL, NULL, 'transaction_maker_information', '交易制作人信息', 'Transaction Maker Information', '??????? ? ????????????', 'AMLO-1-01', '1', '2025-10-03 02:23:52', '2025-10-25 15:05:50', 'fill_10'
'63', 'joint_party_exists', 'BOOLEAN', NULL, NULL, NULL, '是否有共同交易者', 'Has Joint Party', '??????????????????', '100', '0', NULL, NULL, NULL, NULL, NULL, NULL, NULL, NULL, 'co_transactor_information', '共同交易人信息', 'Co-transactor Information', '??????? ? ????????????????', 'AMLO-1-01', '1', '2025-10-03 02:23:52', '2025-10-12 15:03:01', NULL
'64', 'joint_party_type', 'VARCHAR', '20', NULL, NULL, '共同方类型', 'Joint Party Type', '??????', '101', '0', NULL, NULL, NULL, NULL, NULL, NULL, NULL, NULL, 'co_transactor_information', '共同交易人信息', 'Co-transactor Information', '??????? ? ????????????????', 'AMLO-1-01', '1', '2025-10-03 02:23:52', '2025-10-12 15:03:01', NULL
'65', 'joint_party_firstname', 'VARCHAR', '100', NULL, NULL, '共同方名字', 'Joint Party First Name', '????', '102', '0', NULL, NULL, NULL, NULL, NULL, NULL, NULL, NULL, 'co_transactor_information', '共同交易人信息', 'Co-transactor Information', '??????? ? ????????????????', 'AMLO-1-01', '1', '2025-10-03 02:23:52', '2025-10-25 15:05:50', 'fill_20'
'66', 'joint_party_lastname', 'VARCHAR', '100', NULL, NULL, '共同方姓氏', 'Joint Party Last Name', '???????', '103', '0', NULL, NULL, NULL, NULL, NULL, NULL, NULL, NULL, 'co_transactor_information', '共同交易人信息', 'Co-transactor Information', '??????? ? ????????????????', 'AMLO-1-01', '1', '2025-10-03 02:23:52', '2025-10-24 12:04:11', 'fill_20'
'67', 'joint_party_company_name', 'VARCHAR', '200', NULL, NULL, '共同方法人名称', 'Joint Party Company Name', '?????????????', '104', '0', NULL, NULL, NULL, NULL, NULL, NULL, NULL, NULL, 'co_transactor_information', '共同交易人信息', 'Co-transactor Information', '??????? ? ????????????????', 'AMLO-1-01', '1', '2025-10-03 02:23:52', '2025-10-12 15:03:01', NULL
'68', 'joint_party_id_number', 'VARCHAR', '20', NULL, NULL, '共同方身份证号', 'Joint Party ID Number', '???????????', '105', '0', NULL, NULL, NULL, NULL, NULL, NULL, NULL, NULL, 'co_transactor_information', '共同交易人信息', 'Co-transactor Information', '??????? ? ????????????????', 'AMLO-1-01', '1', '2025-10-03 02:23:52', '2025-10-12 15:03:01', NULL
'69', 'joint_party_address', 'VARCHAR', '500', NULL, NULL, '共同方地址', 'Joint Party Address', '???????', '106', '0', NULL, NULL, NULL, NULL, NULL, NULL, NULL, NULL, 'co_transactor_information', '共同交易人信息', 'Co-transactor Information', '??????? ? ????????????????', 'AMLO-1-01', '1', '2025-10-03 02:23:52', '2025-10-25 15:05:50', 'fill_21'
'70', 'joint_party_phone', 'VARCHAR', '20', NULL, NULL, '共同方电话', 'Joint Party Phone', '???????????????', '107', '0', NULL, NULL, NULL, NULL, NULL, NULL, NULL, NULL, 'co_transactor_information', '共同交易人信息', 'Co-transactor Information', '??????? ? ????????????????', 'AMLO-1-01', '1', '2025-10-03 02:23:52', '2025-10-25 15:05:50', 'fill_22'
'71', 'transaction_date_day', 'INT', NULL, NULL, NULL, '交易日期-日', 'Transaction Date - Day', '??????????????? ??????', '200', '1', NULL, NULL, NULL, NULL, NULL, NULL, NULL, NULL, 'transaction_information', '交易信息', 'Transaction Information', '??????? ? ???????', 'AMLO-1-01', '1', '2025-10-03 02:23:52', '2025-10-25 15:05:50', 'fill_37'
'72', 'transaction_date_month', 'INT', NULL, NULL, NULL, '交易日期-月', 'Transaction Date - Month', '?????', '201', '1', NULL, NULL, NULL, NULL, NULL, NULL, NULL, NULL, 'transaction_information', '交易信息', 'Transaction Information', '??????? ? ???????', 'AMLO-1-01', '1', '2025-10-03 02:23:52', '2025-10-25 15:05:50', 'fill_38'
'73', 'transaction_date_year', 'INT', NULL, NULL, NULL, '交易日期-年', 'Transaction Date - Year', '?.?.', '202', '1', NULL, NULL, NULL, NULL, NULL, NULL, NULL, NULL, 'transaction_information', '交易信息', 'Transaction Information', '??????? ? ???????', 'AMLO-1-01', '1', '2025-10-03 02:23:52', '2025-10-25 15:05:50', 'fill_39'
'74', 'deposit_cash', 'BOOLEAN', NULL, NULL, NULL, '存款-现金', 'Deposit Cash', '??????? ??????', '210', '0', NULL, NULL, NULL, NULL, NULL, NULL, NULL, NULL, 'transaction_information', '交易信息', 'Transaction Information', '??????? ? ???????', 'AMLO-1-01', '1', '2025-10-03 02:23:52', '2025-10-12 15:03:01', NULL
'75', 'deposit_travelers_check', 'BOOLEAN', NULL, NULL, NULL, '存款-旅行支票', 'Deposit Travelers Check', '???????????', '211', '0', NULL, NULL, NULL, NULL, NULL, NULL, NULL, NULL, 'transaction_information', '交易信息', 'Transaction Information', '??????? ? ???????', 'AMLO-1-01', '1', '2025-10-03 02:23:52', '2025-10-12 15:03:01', NULL
'76', 'deposit_draft', 'BOOLEAN', NULL, NULL, NULL, '存款-汇票', 'Deposit Draft', '???????????', '212', '0', NULL, NULL, NULL, NULL, NULL, NULL, NULL, NULL, 'transaction_information', '交易信息', 'Transaction Information', '??????? ? ???????', 'AMLO-1-01', '1', '2025-10-03 02:23:52', '2025-10-12 15:03:01', NULL
'77', 'deposit_cashiers_check', 'BOOLEAN', NULL, NULL, NULL, '存款-本票', 'Deposit Cashiers Check', '??????????', '213', '0', NULL, NULL, NULL, NULL, NULL, NULL, NULL, NULL, 'transaction_information', '交易信息', 'Transaction Information', '??????? ? ???????', 'AMLO-1-01', '1', '2025-10-03 02:23:52', '2025-10-12 15:03:01', NULL
'78', 'deposit_currency_code', 'VARCHAR', '10', NULL, NULL, '存款-货币代码', 'Deposit Currency Code', '?????????????????? (???????)', '214', '0', NULL, NULL, NULL, NULL, NULL, NULL, NULL, NULL, 'transaction_information', '交易信息', 'Transaction Information', '??????? ? ???????', 'AMLO-1-01', '1', '2025-10-03 02:23:52', '2025-10-12 15:03:01', NULL
'79', 'deposit_currency_amount', 'DECIMAL', NULL, NULL, NULL, '存款-外币金额', 'Deposit Currency Amount', '???????????????????????', '215', '0', NULL, NULL, NULL, NULL, NULL, NULL, NULL, NULL, 'transaction_information', '交易信息', 'Transaction Information', '??????? ? ???????', 'AMLO-1-01', '1', '2025-10-03 02:23:52', '2025-10-12 15:03:01', NULL
'80', 'deposit_thb_amount', 'DECIMAL', NULL, NULL, NULL, '存款-泰铢金额', 'Deposit THB Amount', '????? (???) ???????', '216', '0', NULL, NULL, NULL, NULL, NULL, NULL, NULL, NULL, 'transaction_information', '交易信息', 'Transaction Information', '??????? ? ???????', 'AMLO-1-01', '1', '2025-10-03 02:23:52', '2025-10-12 15:03:01', NULL
'81', 'withdrawal_cash', 'BOOLEAN', NULL, NULL, NULL, '取款-现金', 'Withdrawal Cash', '??????? ??????', '220', '0', NULL, NULL, NULL, NULL, NULL, NULL, NULL, NULL, 'transaction_information', '交易信息', 'Transaction Information', '??????? ? ???????', 'AMLO-1-01', '1', '2025-10-03 02:23:52', '2025-10-12 15:03:01', NULL
'82', 'withdrawal_travelers_check', 'BOOLEAN', NULL, NULL, NULL, '取款-旅行支票', 'Withdrawal Travelers Check', '???????????', '221', '0', NULL, NULL, NULL, NULL, NULL, NULL, NULL, NULL, 'transaction_information', '交易信息', 'Transaction Information', '??????? ? ???????', 'AMLO-1-01', '1', '2025-10-03 02:23:52', '2025-10-12 15:03:01', NULL
'83', 'withdrawal_draft', 'BOOLEAN', NULL, NULL, NULL, '取款-汇票', 'Withdrawal Draft', '???????????', '222', '0', NULL, NULL, NULL, NULL, NULL, NULL, NULL, NULL, 'transaction_information', '交易信息', 'Transaction Information', '??????? ? ???????', 'AMLO-1-01', '1', '2025-10-03 02:23:52', '2025-10-12 15:03:01', NULL
'84', 'withdrawal_cashiers_check', 'BOOLEAN', NULL, NULL, NULL, '取款-本票', 'Withdrawal Cashiers Check', '??????????', '223', '0', NULL, NULL, NULL, NULL, NULL, NULL, NULL, NULL, 'transaction_information', '交易信息', 'Transaction Information', '??????? ? ???????', 'AMLO-1-01', '1', '2025-10-03 02:23:52', '2025-10-12 15:03:01', NULL
'85', 'withdrawal_currency_code', 'VARCHAR', '10', NULL, NULL, '取款-货币代码', 'Withdrawal Currency Code', '?????????????????? (???????)', '224', '0', NULL, NULL, NULL, NULL, NULL, NULL, NULL, NULL, 'transaction_information', '交易信息', 'Transaction Information', '??????? ? ???????', 'AMLO-1-01', '1', '2025-10-03 02:23:52', '2025-10-12 15:03:01', NULL
'86', 'withdrawal_currency_amount', 'DECIMAL', NULL, NULL, NULL, '取款-外币金额', 'Withdrawal Currency Amount', '???????????????????????', '225', '0', NULL, NULL, NULL, NULL, NULL, NULL, NULL, NULL, 'transaction_information', '交易信息', 'Transaction Information', '??????? ? ???????', 'AMLO-1-01', '1', '2025-10-03 02:23:52', '2025-10-12 15:03:01', NULL
'87', 'withdrawal_thb_amount', 'DECIMAL', NULL, NULL, NULL, '取款-泰铢金额', 'Withdrawal THB Amount', '????? (???) ???????', '226', '0', NULL, NULL, NULL, NULL, NULL, NULL, NULL, NULL, 'transaction_information', '交易信息', 'Transaction Information', '??????? ? ???????', 'AMLO-1-01', '1', '2025-10-03 02:23:52', '2025-10-12 15:03:01', NULL
'88', 'exchange_currency_exists', 'BOOLEAN', NULL, NULL, NULL, '是否兑换外币', 'Has Currency Exchange', '???????????????????????????', '230', '0', NULL, NULL, NULL, NULL, NULL, NULL, NULL, NULL, 'transaction_information', '交易信息', 'Transaction Information', '??????? ? ???????', 'AMLO-1-01', '1', '2025-10-03 02:23:52', '2025-10-12 15:03:01', NULL
'89', 'exchange_other_transaction', 'BOOLEAN', NULL, NULL, NULL, '其他交易', 'Other Transaction', '???? ? (????)', '231', '0', NULL, NULL, NULL, NULL, NULL, NULL, NULL, NULL, 'transaction_information', '交易信息', 'Transaction Information', '??????? ? ???????', 'AMLO-1-01', '1', '2025-10-03 02:23:52', '2025-10-12 15:03:01', NULL
'90', 'exchange_other_description', 'VARCHAR', '200', NULL, NULL, '其他交易说明', 'Other Transaction Description', '????', '232', '0', NULL, NULL, NULL, NULL, NULL, NULL, NULL, NULL, 'transaction_information', '交易信息', 'Transaction Information', '??????? ? ???????', 'AMLO-1-01', '1', '2025-10-03 02:23:52', '2025-10-12 15:03:01', NULL
'91', 'transaction_purpose', 'VARCHAR', '500', NULL, NULL, '交易目的', 'Transaction Purpose', '?????????????????????????? (?????)', '240', '0', NULL, NULL, NULL, NULL, NULL, NULL, NULL, NULL, 'transaction_information', '交易信息', 'Transaction Information', '??????? ? ???????', 'AMLO-1-01', '1', '2025-10-03 02:23:52', '2025-10-25 15:05:50', 'fill_47'
'92', 'transaction_source', 'VARCHAR', '500', NULL, NULL, '资金来源', 'Source of Funds', '???????????? (?????)', '241', '0', NULL, NULL, NULL, NULL, NULL, NULL, NULL, NULL, 'transaction_information', '交易信息', 'Transaction Information', '??????? ? ???????', 'AMLO-1-01', '1', '2025-10-03 02:23:52', '2025-10-12 15:03:01', NULL
'93', 'reporter_institution_type', 'VARCHAR', '100', NULL, NULL, '报告机构类型', 'Reporter Institution Type', '???????????????????', '300', '1', NULL, NULL, NULL, NULL, NULL, NULL, NULL, NULL, 'reporter_information', '报告人信息', 'Reporter Information', '??????? ? ?????????', 'AMLO-1-01', '1', '2025-10-03 02:23:52', '2025-10-12 15:03:01', NULL
'94', 'reporter_institution_name', 'VARCHAR', '200', NULL, NULL, '报告机构名称', 'Reporter Institution Name', '?????????????????', '301', '1', NULL, NULL, NULL, NULL, NULL, NULL, NULL, NULL, 'reporter_information', '报告人信息', 'Reporter Information', '??????? ? ?????????', 'AMLO-1-01', '1', '2025-10-03 02:23:52', '2025-10-12 15:03:01', NULL
'95', 'reporter_branch_name', 'VARCHAR', '200', NULL, NULL, '报告分支名称', 'Reporter Branch Name', '????', '302', '0', NULL, NULL, NULL, NULL, NULL, NULL, NULL, NULL, 'reporter_information', '报告人信息', 'Reporter Information', '??????? ? ?????????', 'AMLO-1-01', '1', '2025-10-03 02:23:52', '2025-10-12 15:03:01', NULL
'96', 'reporter_signature_date_day', 'INT', NULL, NULL, NULL, '签名日期-日', 'Signature Date - Day', '??????????????????? ??????', '303', '1', NULL, NULL, NULL, NULL, NULL, NULL, NULL, NULL, 'reporter_information', '报告人信息', 'Reporter Information', '??????? ? ?????????', 'AMLO-1-01', '1', '2025-10-03 02:23:52', '2025-10-12 15:03:01', NULL
'97', 'reporter_signature_date_month', 'INT', NULL, NULL, NULL, '签名日期-月', 'Signature Date - Month', '?????', '304', '1', NULL, NULL, NULL, NULL, NULL, NULL, NULL, NULL, 'reporter_information', '报告人信息', 'Reporter Information', '??????? ? ?????????', 'AMLO-1-01', '1', '2025-10-03 02:23:52', '2025-10-12 15:03:01', NULL
'98', 'reporter_signature_date_year', 'INT', NULL, NULL, NULL, '签名日期-年', 'Signature Date - Year', '?.?.', '305', '1', NULL, NULL, NULL, NULL, NULL, NULL, NULL, NULL, 'reporter_information', '报告人信息', 'Reporter Information', '??????? ? ?????????', 'AMLO-1-01', '1', '2025-10-03 02:23:52', '2025-10-12 15:03:01', NULL
'99', 'report_number', 'VARCHAR', '50', NULL, NULL, '报告编号', 'Report Number', '????????????', '1', '1', NULL, NULL, NULL, NULL, NULL, NULL, NULL, NULL, 'header_information', '表头信息', 'Header Information', '?????????????', 'AMLO-1-02', '1', '2025-10-03 02:23:52', '2025-10-25 15:05:50', 'fill_52'
'100', 'report_date_day', 'INT', NULL, NULL, NULL, '报告日期-日', 'Report Date - Day', '??????', '2', '1', NULL, NULL, NULL, NULL, NULL, NULL, NULL, NULL, 'header_information', '表头信息', 'Header Information', '?????????????', 'AMLO-1-02', '1', '2025-10-03 02:23:52', '2025-10-12 15:03:01', NULL
'101', 'report_date_month', 'INT', NULL, NULL, NULL, '报告日期-月', 'Report Date - Month', '?????', '3', '1', NULL, NULL, NULL, NULL, NULL, NULL, NULL, NULL, 'header_information', '表头信息', 'Header Information', '?????????????', 'AMLO-1-02', '1', '2025-10-03 02:23:52', '2025-10-12 15:03:01', NULL
'102', 'report_date_year', 'INT', NULL, NULL, NULL, '报告日期-年', 'Report Date - Year', '?.?.', '4', '1', NULL, NULL, NULL, NULL, NULL, NULL, NULL, NULL, 'header_information', '表头信息', 'Header Information', '?????????????', 'AMLO-1-02', '1', '2025-10-03 02:23:52', '2025-10-12 15:03:01', NULL
'103', 'origin_report_number', 'VARCHAR', '100', NULL, NULL, '原报告编号', 'Origin Report Number', '??????????????????', '5', '0', NULL, NULL, NULL, NULL, NULL, NULL, NULL, NULL, 'header_information', '表头信息', 'Header Information', '?????????????', 'AMLO-1-02', '1', '2025-10-03 02:23:52', '2025-10-12 15:03:01', NULL
'104', 'is_first_report', 'BOOLEAN', NULL, NULL, NULL, '是否首次报告', 'Is First Report', '?????????????', '10', '1', NULL, NULL, NULL, NULL, NULL, NULL, NULL, NULL, 'report_type_selection', '报告类型', 'Report Type', '????????????', 'AMLO-1-02', '1', '2025-10-03 02:23:52', '2025-10-12 15:03:01', NULL
'105', 'is_amendment_report', 'BOOLEAN', NULL, NULL, NULL, '是否修改报告', 'Is Amendment Report', '???????????????', '11', '0', NULL, NULL, NULL, NULL, NULL, NULL, NULL, NULL, 'report_type_selection', '报告类型', 'Report Type', '????????????', 'AMLO-1-02', '1', '2025-10-03 02:23:52', '2025-10-12 15:03:01', NULL
'106', 'reference_report_number', 'VARCHAR', '100', NULL, NULL, '参考报告编号', 'Reference Report Number', '?????????????', '12', '0', NULL, NULL, NULL, NULL, NULL, NULL, NULL, NULL, 'report_type_selection', '报告类型', 'Report Type', '????????????', 'AMLO-1-02', '1', '2025-10-03 02:23:52', '2025-10-12 15:03:01', NULL
'107', 'maker_type_person', 'BOOLEAN', NULL, NULL, NULL, '交易者类型-个人', 'Maker Type - Person', '????-???????', '20', '1', NULL, NULL, NULL, NULL, NULL, NULL, NULL, NULL, 'transaction_maker_information', '交易制作人信息', 'Transaction Maker Information', '??????? ? ????????????', 'AMLO-1-02', '1', '2025-10-03 02:23:52', '2025-10-12 15:03:01', NULL
'108', 'maker_type_juristic', 'BOOLEAN', NULL, NULL, NULL, '交易者类型-法人', 'Maker Type - Juristic', '?????????', '21', '0', NULL, NULL, NULL, NULL, NULL, NULL, NULL, NULL, 'transaction_maker_information', '交易制作人信息', 'Transaction Maker Information', '??????? ? ????????????', 'AMLO-1-02', '1', '2025-10-03 02:23:52', '2025-10-12 15:03:01', NULL
'109', 'maker_firstname', 'VARCHAR', '100', NULL, NULL, '交易者名字', 'Maker First Name', '????', '22', '1', NULL, NULL, NULL, NULL, NULL, NULL, NULL, NULL, 'transaction_maker_information', '交易制作人信息', 'Transaction Maker Information', '??????? ? ????????????', 'AMLO-1-02', '1', '2025-10-03 02:23:52', '2025-10-12 15:03:01', NULL
'110', 'maker_lastname', 'VARCHAR', '100', NULL, NULL, '交易者姓氏', 'Maker Last Name', '???????', '23', '1', NULL, NULL, NULL, NULL, NULL, NULL, NULL, NULL, 'transaction_maker_information', '交易制作人信息', 'Transaction Maker Information', '??????? ? ????????????', 'AMLO-1-02', '1', '2025-10-03 02:23:52', '2025-10-12 15:03:01', NULL
'111', 'maker_id_number', 'VARCHAR', '20', NULL, NULL, '身份证号码', 'ID Number', '???????????', '24', '1', NULL, NULL, NULL, NULL, NULL, NULL, NULL, NULL, 'transaction_maker_information', '交易制作人信息', 'Transaction Maker Information', '??????? ? ????????????', 'AMLO-1-02', '1', '2025-10-03 02:23:52', '2025-10-12 15:03:01', NULL
'112', 'maker_address', 'VARCHAR', '500', NULL, NULL, '地址', 'Address', '???????', '25', '1', NULL, NULL, NULL, NULL, NULL, NULL, NULL, NULL, 'transaction_maker_information', '交易制作人信息', 'Transaction Maker Information', '??????? ? ????????????', 'AMLO-1-02', '1', '2025-10-03 02:23:52', '2025-10-12 15:03:01', NULL
'113', 'maker_phone', 'VARCHAR', '20', NULL, NULL, '电话', 'Phone', '????????', '26', '0', NULL, NULL, NULL, NULL, NULL, NULL, NULL, NULL, 'transaction_maker_information', '交易制作人信息', 'Transaction Maker Information', '??????? ? ????????????', 'AMLO-1-02', '1', '2025-10-03 02:23:52', '2025-10-12 15:03:01', NULL
'114', 'joint_party_firstname', 'VARCHAR', '100', NULL, NULL, '共同方名字', 'Joint Party First Name', '????', '30', '0', NULL, NULL, NULL, NULL, NULL, NULL, NULL, NULL, 'co_transactor_information', '共同交易人信息', 'Co-transactor Information', '??????? ? ????????????????', 'AMLO-1-02', '1', '2025-10-03 02:23:52', '2025-10-12 15:03:01', NULL
'115', 'joint_party_lastname', 'VARCHAR', '100', NULL, NULL, '共同方姓氏', 'Joint Party Last Name', '???????', '31', '0', NULL, NULL, NULL, NULL, NULL, NULL, NULL, NULL, 'co_transactor_information', '共同交易人信息', 'Co-transactor Information', '??????? ? ????????????????', 'AMLO-1-02', '1', '2025-10-03 02:23:52', '2025-10-12 15:03:01', NULL
'116', 'joint_party_id_number', 'VARCHAR', '20', NULL, NULL, '共同方身份证', 'Joint Party ID', '???????????', '32', '0', NULL, NULL, NULL, NULL, NULL, NULL, NULL, NULL, 'co_transactor_information', '共同交易人信息', 'Co-transactor Information', '??????? ? ????????????????', 'AMLO-1-02', '1', '2025-10-03 02:23:52', '2025-10-12 15:03:01', NULL
'117', 'joint_party_address', 'VARCHAR', '500', NULL, NULL, '共同方地址', 'Joint Party Address', '???????', '33', '0', NULL, NULL, NULL, NULL, NULL, NULL, NULL, NULL, 'co_transactor_information', '共同交易人信息', 'Co-transactor Information', '??????? ? ????????????????', 'AMLO-1-02', '1', '2025-10-03 02:23:52', '2025-10-12 15:03:01', NULL
'118', 'transaction_date_day', 'INT', NULL, NULL, NULL, '交易日期-日', 'Transaction Date - Day', '??????????????? ??????', '40', '1', NULL, NULL, NULL, NULL, NULL, NULL, NULL, NULL, 'transaction_information', '交易信息', 'Transaction Information', '??????? ? ???????', 'AMLO-1-02', '1', '2025-10-03 02:23:52', '2025-10-12 15:03:01', NULL
'119', 'transaction_date_month', 'INT', NULL, NULL, NULL, '交易日期-月', 'Transaction Date - Month', '?????', '41', '1', NULL, NULL, NULL, NULL, NULL, NULL, NULL, NULL, 'transaction_information', '交易信息', 'Transaction Information', '??????? ? ???????', 'AMLO-1-02', '1', '2025-10-03 02:23:52', '2025-10-12 15:03:01', NULL
'120', 'transaction_date_year', 'INT', NULL, NULL, NULL, '交易日期-年', 'Transaction Date - Year', '?.?.', '42', '1', NULL, NULL, NULL, NULL, NULL, NULL, NULL, NULL, 'transaction_information', '交易信息', 'Transaction Information', '??????? ? ???????', 'AMLO-1-02', '1', '2025-10-03 02:23:52', '2025-10-12 15:03:01', NULL
'121', 'transaction_type_mortgage', 'BOOLEAN', NULL, NULL, NULL, '交易类型-抵押', 'Transaction Type - Mortgage', '?????', '50', '0', NULL, NULL, NULL, NULL, NULL, NULL, NULL, NULL, 'transaction_information', '交易信息', 'Transaction Information', '??????? ? ???????', 'AMLO-1-02', '1', '2025-10-03 02:23:52', '2025-10-12 15:03:01', NULL
'122', 'transaction_type_sale', 'BOOLEAN', NULL, NULL, NULL, '交易类型-出售', 'Transaction Type - Sale', '???', '51', '0', NULL, NULL, NULL, NULL, NULL, NULL, NULL, NULL, 'transaction_information', '交易信息', 'Transaction Information', '??????? ? ???????', 'AMLO-1-02', '1', '2025-10-03 02:23:52', '2025-10-12 15:03:01', NULL
'123', 'transaction_type_transfer', 'BOOLEAN', NULL, NULL, NULL, '交易类型-转让', 'Transaction Type - Transfer', '?????????????', '52', '0', NULL, NULL, NULL, NULL, NULL, NULL, NULL, NULL, 'transaction_information', '交易信息', 'Transaction Information', '??????? ? ???????', 'AMLO-1-02', '1', '2025-10-03 02:23:52', '2025-10-12 15:03:01', NULL
'124', 'transaction_type_lease', 'BOOLEAN', NULL, NULL, NULL, '交易类型-租赁', 'Transaction Type - Lease', '????', '53', '0', NULL, NULL, NULL, NULL, NULL, NULL, NULL, NULL, 'transaction_information', '交易信息', 'Transaction Information', '??????? ? ???????', 'AMLO-1-02', '1', '2025-10-03 02:23:52', '2025-10-12 15:03:01', NULL
'125', 'transaction_type_other', 'BOOLEAN', NULL, NULL, NULL, '交易类型-其他', 'Transaction Type - Other', '???? ?', '54', '0', NULL, NULL, NULL, NULL, NULL, NULL, NULL, NULL, 'transaction_information', '交易信息', 'Transaction Information', '??????? ? ???????', 'AMLO-1-02', '1', '2025-10-03 02:23:52', '2025-10-12 15:03:01', NULL
'126', 'asset_type_land', 'BOOLEAN', NULL, NULL, NULL, '资产类型-土地', 'Asset Type - Land', '??????', '60', '0', NULL, NULL, NULL, NULL, NULL, NULL, NULL, NULL, 'transaction_information', '交易信息', 'Transaction Information', '??????? ? ???????', 'AMLO-1-02', '1', '2025-10-03 02:23:52', '2025-10-12 15:03:01', NULL
'127', 'asset_type_building', 'BOOLEAN', NULL, NULL, NULL, '资产类型-建筑', 'Asset Type - Building', '?????????????', '61', '0', NULL, NULL, NULL, NULL, NULL, NULL, NULL, NULL, 'transaction_information', '交易信息', 'Transaction Information', '??????? ? ???????', 'AMLO-1-02', '1', '2025-10-03 02:23:52', '2025-10-12 15:03:01', NULL
'128', 'asset_type_condominium', 'BOOLEAN', NULL, NULL, NULL, '资产类型-公寓', 'Asset Type - Condominium', '???????', '62', '0', NULL, NULL, NULL, NULL, NULL, NULL, NULL, NULL, 'transaction_information', '交易信息', 'Transaction Information', '??????? ? ???????', 'AMLO-1-02', '1', '2025-10-03 02:23:52', '2025-10-12 15:03:01', NULL
'129', 'asset_type_other', 'BOOLEAN', NULL, NULL, NULL, '资产类型-其他', 'Asset Type - Other', '???? ?', '63', '0', NULL, NULL, NULL, NULL, NULL, NULL, NULL, NULL, 'transaction_information', '交易信息', 'Transaction Information', '??????? ? ???????', 'AMLO-1-02', '1', '2025-10-03 02:23:52', '2025-10-12 15:03:01', NULL
'130', 'asset_value_thb', 'DECIMAL', NULL, NULL, NULL, '资产价值(泰铢)', 'Asset Value (THB)', '??????????????? (???)', '70', '1', NULL, NULL, NULL, NULL, NULL, NULL, NULL, NULL, 'transaction_information', '交易信息', 'Transaction Information', '??????? ? ???????', 'AMLO-1-02', '1', '2025-10-03 02:23:52', '2025-10-12 15:03:01', NULL
'131', 'asset_location', 'VARCHAR', '500', NULL, NULL, '资产位置', 'Asset Location', '????????????????', '71', '0', NULL, NULL, NULL, NULL, NULL, NULL, NULL, NULL, 'transaction_information', '交易信息', 'Transaction Information', '??????? ? ???????', 'AMLO-1-02', '1', '2025-10-03 02:23:52', '2025-10-12 15:03:01', NULL
'132', 'asset_deed_number', 'VARCHAR', '100', NULL, NULL, '地契号码', 'Deed Number', '??????????', '72', '0', NULL, NULL, NULL, NULL, NULL, NULL, NULL, NULL, 'transaction_information', '交易信息', 'Transaction Information', '??????? ? ???????', 'AMLO-1-02', '1', '2025-10-03 02:23:52', '2025-10-12 15:03:01', NULL
'133', 'asset_area', 'VARCHAR', '100', NULL, NULL, '资产面积', 'Asset Area', '????????', '73', '0', NULL, NULL, NULL, NULL, NULL, NULL, NULL, NULL, 'transaction_information', '交易信息', 'Transaction Information', '??????? ? ???????', 'AMLO-1-02', '1', '2025-10-03 02:23:52', '2025-10-12 15:03:01', NULL
'134', 'reporter_institution_name', 'VARCHAR', '200', NULL, NULL, '报告机构名称', 'Reporter Institution Name', '?????????????', '80', '1', NULL, NULL, NULL, NULL, NULL, NULL, NULL, NULL, 'reporter_information', '报告人信息', 'Reporter Information', '??????? ? ?????????', 'AMLO-1-02', '1', '2025-10-03 02:23:52', '2025-10-12 15:03:01', NULL
'135', 'reporter_branch_name', 'VARCHAR', '200', NULL, NULL, '报告分支名称', 'Reporter Branch Name', '????', '81', '0', NULL, NULL, NULL, NULL, NULL, NULL, NULL, NULL, 'reporter_information', '报告人信息', 'Reporter Information', '??????? ? ?????????', 'AMLO-1-02', '1', '2025-10-03 02:23:52', '2025-10-12 15:03:01', NULL
'136', 'reporter_signature_date_day', 'INT', NULL, NULL, NULL, '签名日期-日', 'Signature Date - Day', '??????', '82', '1', NULL, NULL, NULL, NULL, NULL, NULL, NULL, NULL, 'reporter_information', '报告人信息', 'Reporter Information', '??????? ? ?????????', 'AMLO-1-02', '1', '2025-10-03 02:23:52', '2025-10-12 15:03:01', NULL
'137', 'reporter_signature_date_month', 'INT', NULL, NULL, NULL, '签名日期-月', 'Signature Date - Month', '?????', '83', '1', NULL, NULL, NULL, NULL, NULL, NULL, NULL, NULL, 'reporter_information', '报告人信息', 'Reporter Information', '??????? ? ?????????', 'AMLO-1-02', '1', '2025-10-03 02:23:52', '2025-10-12 15:03:01', NULL
'138', 'reporter_signature_date_year', 'INT', NULL, NULL, NULL, '签名日期-年', 'Signature Date - Year', '?.?.', '84', '1', NULL, NULL, NULL, NULL, NULL, NULL, NULL, NULL, 'reporter_information', '报告人信息', 'Reporter Information', '??????? ? ?????????', 'AMLO-1-02', '1', '2025-10-03 02:23:52', '2025-10-12 15:03:01', NULL
'139', 'report_number', 'VARCHAR', '50', NULL, NULL, '报告编号', 'Report Number', '????????????', '1', '1', NULL, NULL, NULL, NULL, NULL, NULL, NULL, NULL, 'header_information', '表头信息', 'Header Information', '?????????????', 'AMLO-1-03', '1', '2025-10-03 02:23:52', '2025-10-12 15:03:01', NULL
'140', 'report_date_day', 'INT', NULL, NULL, NULL, '报告日期-日', 'Report Date - Day', '??????', '2', '1', NULL, NULL, NULL, NULL, NULL, NULL, NULL, NULL, 'header_information', '表头信息', 'Header Information', '?????????????', 'AMLO-1-03', '1', '2025-10-03 02:23:52', '2025-10-12 15:03:01', NULL
'141', 'report_date_month', 'INT', NULL, NULL, NULL, '报告日期-月', 'Report Date - Month', '?????', '3', '1', NULL, NULL, NULL, NULL, NULL, NULL, NULL, NULL, 'header_information', '表头信息', 'Header Information', '?????????????', 'AMLO-1-03', '1', '2025-10-03 02:23:52', '2025-10-12 15:03:01', NULL
'142', 'report_date_year', 'INT', NULL, NULL, NULL, '报告日期-年', 'Report Date - Year', '?.?.', '4', '1', NULL, NULL, NULL, NULL, NULL, NULL, NULL, NULL, 'header_information', '表头信息', 'Header Information', '?????????????', 'AMLO-1-03', '1', '2025-10-03 02:23:52', '2025-10-12 15:03:01', NULL
'143', 'is_first_report', 'BOOLEAN', NULL, NULL, NULL, '是否首次报告', 'Is First Report', '?????????????', '10', '1', NULL, NULL, NULL, NULL, NULL, NULL, NULL, NULL, 'report_type_selection', '报告类型', 'Report Type', '????????????', 'AMLO-1-03', '1', '2025-10-03 02:23:52', '2025-10-12 15:03:01', NULL
'144', 'is_amendment_report', 'BOOLEAN', NULL, NULL, NULL, '是否修改报告', 'Is Amendment Report', '???????????????', '11', '0', NULL, NULL, NULL, NULL, NULL, NULL, NULL, NULL, 'report_type_selection', '报告类型', 'Report Type', '????????????', 'AMLO-1-03', '1', '2025-10-03 02:23:52', '2025-10-12 15:03:01', NULL
'145', 'reference_report_number', 'VARCHAR', '100', NULL, NULL, '参考报告编号', 'Reference Report Number', '?????????????', '12', '0', NULL, NULL, NULL, NULL, NULL, NULL, NULL, NULL, 'report_type_selection', '报告类型', 'Report Type', '????????????', 'AMLO-1-03', '1', '2025-10-03 02:23:52', '2025-10-12 15:03:01', NULL
'146', 'maker_firstname', 'VARCHAR', '100', NULL, NULL, '交易者名字', 'Maker First Name', '????-???????', '20', '1', NULL, NULL, NULL, NULL, NULL, NULL, NULL, NULL, 'transaction_maker_information', '交易制作人信息', 'Transaction Maker Information', '??????? ? ????????????', 'AMLO-1-03', '1', '2025-10-03 02:23:52', '2025-10-12 15:03:01', NULL
'147', 'maker_lastname', 'VARCHAR', '100', NULL, NULL, '交易者姓氏', 'Maker Last Name', '???????', '21', '0', NULL, NULL, NULL, NULL, NULL, NULL, NULL, NULL, 'transaction_maker_information', '交易制作人信息', 'Transaction Maker Information', '??????? ? ????????????', 'AMLO-1-03', '1', '2025-10-03 02:23:52', '2025-10-12 15:03:01', NULL
'148', 'maker_id_number', 'VARCHAR', '20', NULL, NULL, '身份证号码', 'ID Number', '???????????', '22', '1', NULL, NULL, NULL, NULL, NULL, NULL, NULL, NULL, 'transaction_maker_information', '交易制作人信息', 'Transaction Maker Information', '??????? ? ????????????', 'AMLO-1-03', '1', '2025-10-03 02:23:52', '2025-10-12 15:03:01', NULL
'149', 'maker_address', 'VARCHAR', '500', NULL, NULL, '地址', 'Address', '???????', '23', '0', NULL, NULL, NULL, NULL, NULL, NULL, NULL, NULL, 'transaction_maker_information', '交易制作人信息', 'Transaction Maker Information', '??????? ? ????????????', 'AMLO-1-03', '1', '2025-10-03 02:23:52', '2025-10-12 15:03:01', NULL
'150', 'maker_birthdate', 'DATE', NULL, NULL, NULL, '出生日期', 'Birth Date', '???????', '24', '0', NULL, NULL, NULL, NULL, NULL, NULL, NULL, NULL, 'transaction_maker_information', '交易制作人信息', 'Transaction Maker Information', '??????? ? ????????????', 'AMLO-1-03', '1', '2025-10-03 02:23:52', '2025-10-12 15:03:01', NULL
'151', 'joint_party_firstname', 'VARCHAR', '100', NULL, NULL, '共同方名字', 'Joint Party First Name', '????????????????????', '30', '0', NULL, NULL, NULL, NULL, NULL, NULL, NULL, NULL, 'co_transactor_information', '共同交易人信息', 'Co-transactor Information', '??????? ? ????????????????', 'AMLO-1-03', '1', '2025-10-03 02:23:52', '2025-10-12 15:03:01', NULL
'152', 'joint_party_lastname', 'VARCHAR', '100', NULL, NULL, '共同方姓氏', 'Joint Party Last Name', '???????', '31', '0', NULL, NULL, NULL, NULL, NULL, NULL, NULL, NULL, 'co_transactor_information', '共同交易人信息', 'Co-transactor Information', '??????? ? ????????????????', 'AMLO-1-03', '1', '2025-10-03 02:23:52', '2025-10-12 15:03:01', NULL
'153', 'joint_party_id_number', 'VARCHAR', '20', NULL, NULL, '共同方身份证', 'Joint Party ID', '???????????', '32', '0', NULL, NULL, NULL, NULL, NULL, NULL, NULL, NULL, 'co_transactor_information', '共同交易人信息', 'Co-transactor Information', '??????? ? ????????????????', 'AMLO-1-03', '1', '2025-10-03 02:23:52', '2025-10-12 15:03:01', NULL
'154', 'joint_party_address', 'VARCHAR', '500', NULL, NULL, '共同方地址', 'Joint Party Address', '???????', '33', '0', NULL, NULL, NULL, NULL, NULL, NULL, NULL, NULL, 'co_transactor_information', '共同交易人信息', 'Co-transactor Information', '??????? ? ????????????????', 'AMLO-1-03', '1', '2025-10-03 02:23:52', '2025-10-12 15:03:01', NULL
'155', 'transaction_date_day', 'INT', NULL, NULL, NULL, '交易日期-日', 'Transaction Date - Day', '???????????????', '40', '1', NULL, NULL, NULL, NULL, NULL, NULL, NULL, NULL, 'transaction_information', '交易信息', 'Transaction Information', '??????? ? ???????', 'AMLO-1-03', '1', '2025-10-03 02:23:52', '2025-10-25 15:05:50', 'fill_37'
'156', 'transaction_date_month', 'INT', NULL, NULL, NULL, '交易日期-月', 'Transaction Date - Month', '?????', '41', '1', NULL, NULL, NULL, NULL, NULL, NULL, NULL, NULL, 'transaction_information', '交易信息', 'Transaction Information', '??????? ? ???????', 'AMLO-1-03', '1', '2025-10-03 02:23:52', '2025-10-25 15:05:50', 'fill_38'
'157', 'transaction_date_year', 'INT', NULL, NULL, NULL, '交易日期-年', 'Transaction Date - Year', '?.?.', '42', '1', NULL, NULL, NULL, NULL, NULL, NULL, NULL, NULL, 'transaction_information', '交易信息', 'Transaction Information', '??????? ? ???????', 'AMLO-1-03', '1', '2025-10-03 02:23:52', '2025-10-25 15:05:50', 'fill_39'
'158', 'transaction_amount_thb', 'DECIMAL', NULL, NULL, NULL, '交易金额(泰铢)', 'Transaction Amount (THB)', '????????? (???)', '43', '0', NULL, NULL, NULL, NULL, NULL, NULL, NULL, NULL, 'transaction_information', '交易信息', 'Transaction Information', '??????? ? ???????', 'AMLO-1-03', '1', '2025-10-03 02:23:52', '2025-10-12 15:03:01', NULL
'159', 'has_filed_ctr_atr', 'BOOLEAN', NULL, NULL, NULL, '是否已提交CTR/ATR', 'Has Filed CTR/ATR', '?????????? ???.?-?? ???? ???.?-??', '50', '0', NULL, NULL, NULL, NULL, NULL, NULL, NULL, NULL, 'suspicious_reasons', '可疑原因', 'Suspicious Reasons', '??????? ? ?????????', 'AMLO-1-03', '1', '2025-10-03 02:23:52', '2025-10-12 15:03:01', NULL
'160', 'previous_report_number', 'VARCHAR', '100', NULL, NULL, '之前报告编号', 'Previous Report Number', '???????????? ???.?-??/?-??', '51', '0', NULL, NULL, NULL, NULL, NULL, NULL, NULL, NULL, 'suspicious_reasons', '可疑原因', 'Suspicious Reasons', '??????? ? ?????????', 'AMLO-1-03', '1', '2025-10-03 02:23:52', '2025-10-12 15:03:01', NULL
'161', 'suspicion_reasons', 'TEXT', NULL, NULL, NULL, '可疑原因', 'Suspicion Reasons', '???????????????', '52', '1', NULL, NULL, NULL, NULL, NULL, NULL, NULL, NULL, 'suspicious_reasons', '可疑原因', 'Suspicious Reasons', '??????? ? ?????????', 'AMLO-1-03', '1', '2025-10-03 02:23:52', '2025-10-12 15:03:01', NULL
'162', 'reporter_institution_name', 'VARCHAR', '200', NULL, NULL, '报告机构名称', 'Reporter Institution Name', '?????????????', '60', '1', NULL, NULL, NULL, NULL, NULL, NULL, NULL, NULL, 'reporter_information_part5', '报告人信息(第五部分)', 'Reporter Information (Part 5)', '??????? ? ?????????', 'AMLO-1-03', '1', '2025-10-03 02:23:52', '2025-10-12 15:03:01', NULL
'163', 'reporter_position', 'VARCHAR', '100', NULL, NULL, '报告人职位', 'Reporter Position', '???????', '61', '0', NULL, NULL, NULL, NULL, NULL, NULL, NULL, NULL, 'reporter_information_part5', '报告人信息(第五部分)', 'Reporter Information (Part 5)', '??????? ? ?????????', 'AMLO-1-03', '1', '2025-10-03 02:23:52', '2025-10-12 15:03:01', NULL
'164', 'reporter_signature_date_day', 'INT', NULL, NULL, NULL, '签名日期-日', 'Signature Date - Day', '??????', '62', '1', NULL, NULL, NULL, NULL, NULL, NULL, NULL, NULL, 'reporter_information_part5', '报告人信息(第五部分)', 'Reporter Information (Part 5)', '??????? ? ?????????', 'AMLO-1-03', '1', '2025-10-03 02:23:52', '2025-10-12 15:03:01', NULL
'165', 'reporter_signature_date_month', 'INT', NULL, NULL, NULL, '签名日期-月', 'Signature Date - Month', '?????', '63', '1', NULL, NULL, NULL, NULL, NULL, NULL, NULL, NULL, 'reporter_information_part5', '报告人信息(第五部分)', 'Reporter Information (Part 5)', '??????? ? ?????????', 'AMLO-1-03', '1', '2025-10-03 02:23:52', '2025-10-12 15:03:01', NULL
'166', 'reporter_signature_date_year', 'INT', NULL, NULL, NULL, '签名日期-年', 'Signature Date - Year', '?.?.', '64', '1', NULL, NULL, NULL, NULL, NULL, NULL, NULL, NULL, 'reporter_information_part5', '报告人信息(第五部分)', 'Reporter Information (Part 5)', '??????? ? ?????????', 'AMLO-1-03', '1', '2025-10-03 02:23:52', '2025-10-12 15:03:01', NULL
'167', 'report_date', 'DATE', '50', NULL, NULL, '报告日期', 'Report Date', '????????????', '1', '1', NULL, NULL, NULL, NULL, NULL, NULL, NULL, NULL, 'BOT报告', 'BOT报告', 'BOT Report', '?????? BOT', 'BOT_BuyFX', '1', '2025-10-03 02:27:25', '2025-10-09 13:19:23', NULL
'168', 'transaction_no', 'VARCHAR', '50', NULL, NULL, '交易编号', 'Transaction No', '?????????????', '10', '1', NULL, NULL, NULL, NULL, NULL, NULL, NULL, NULL, 'BOT交易', 'BOT交易', 'BOT Transaction', '??????? BOT', 'BOT_BuyFX', '1', '2025-10-03 02:27:25', '2025-10-09 13:19:23', NULL
'169', 'transaction_date', 'DATE', '50', NULL, NULL, '交易日期', 'Transaction Date', '???????????????', '11', '1', NULL, NULL, NULL, NULL, NULL, NULL, NULL, NULL, 'BOT交易', 'BOT交易', 'BOT Transaction', '??????? BOT', 'BOT_BuyFX', '1', '2025-10-03 02:27:25', '2025-10-09 13:19:23', NULL
'170', 'customer_id', 'VARCHAR', '20', NULL, NULL, '客户证件号', 'Customer ID', '???????????', '20', '1', NULL, NULL, NULL, NULL, NULL, NULL, NULL, NULL, 'BOT客户', 'BOT客户', 'BOT Customer', '?????? BOT', 'BOT_BuyFX', '1', '2025-10-03 02:27:25', '2025-10-09 13:19:23', NULL
'171', 'customer_name', 'VARCHAR', '200', NULL, NULL, '客户姓名', 'Customer Name', '??????????', '21', '1', NULL, NULL, NULL, NULL, NULL, NULL, NULL, NULL, 'BOT客户', 'BOT客户', 'BOT Customer', '?????? BOT', 'BOT_BuyFX', '1', '2025-10-03 02:27:25', '2025-10-09 13:19:23', NULL
'172', 'currency_code', 'VARCHAR', '10', NULL, NULL, '货币代码', 'Currency Code', '????????', '30', '1', NULL, NULL, NULL, NULL, NULL, NULL, NULL, NULL, 'BOT货币', 'BOT货币', 'BOT Currency', '???????? BOT', 'BOT_BuyFX', '1', '2025-10-03 02:27:25', '2025-10-09 13:19:23', NULL
'173', 'foreign_amount', 'DECIMAL', NULL, NULL, NULL, '外币金额', 'Foreign Amount', '???????????????????', '31', '1', NULL, NULL, NULL, NULL, NULL, NULL, NULL, NULL, 'BOT货币', 'BOT货币', 'BOT Currency', '???????? BOT', 'BOT_BuyFX', '1', '2025-10-03 02:27:25', '2025-10-09 13:19:23', NULL
'174', 'exchange_rate', 'DECIMAL', NULL, NULL, NULL, '汇率', 'Exchange Rate', '???????????????', '32', '1', NULL, NULL, NULL, NULL, NULL, NULL, NULL, NULL, 'BOT货币', 'BOT货币', 'BOT Currency', '???????? BOT', 'BOT_BuyFX', '1', '2025-10-03 02:27:25', '2025-10-09 13:19:23', NULL
'175', 'thb_amount', 'DECIMAL', NULL, NULL, NULL, '泰铢金额', 'THB Amount', '????????????', '33', '1', NULL, NULL, NULL, NULL, NULL, NULL, NULL, NULL, 'BOT货币', 'BOT货币', 'BOT Currency', '???????? BOT', 'BOT_BuyFX', '1', '2025-10-03 02:27:25', '2025-10-09 13:19:23', NULL
'176', 'funding_source', 'VARCHAR', '200', NULL, NULL, '资金来源', 'Funding Source', '????????????', '40', '0', NULL, NULL, NULL, NULL, NULL, NULL, NULL, NULL, 'BOT交易', 'BOT交易', 'BOT Transaction', '??????? BOT', 'BOT_BuyFX', '1', '2025-10-03 02:27:25', '2025-10-09 13:19:23', NULL
'177', 'report_date', 'DATE', '50', NULL, NULL, '报告日期', 'Report Date', '????????????', '1', '1', NULL, NULL, NULL, NULL, NULL, NULL, NULL, NULL, 'BOT报告', 'BOT报告', 'BOT Report', '?????? BOT', 'BOT_SellFX', '1', '2025-10-03 02:27:25', '2025-10-09 13:19:23', NULL
'178', 'transaction_no', 'VARCHAR', '50', NULL, NULL, '交易编号', 'Transaction No', '?????????????', '10', '1', NULL, NULL, NULL, NULL, NULL, NULL, NULL, NULL, 'BOT交易', 'BOT交易', 'BOT Transaction', '??????? BOT', 'BOT_SellFX', '1', '2025-10-03 02:27:25', '2025-10-09 13:19:23', NULL
'179', 'transaction_date', 'DATE', '50', NULL, NULL, '交易日期', 'Transaction Date', '???????????????', '11', '1', NULL, NULL, NULL, NULL, NULL, NULL, NULL, NULL, 'BOT交易', 'BOT交易', 'BOT Transaction', '??????? BOT', 'BOT_SellFX', '1', '2025-10-03 02:27:25', '2025-10-09 13:19:23', NULL
'180', 'customer_id', 'VARCHAR', '20', NULL, NULL, '客户证件号', 'Customer ID', '???????????', '20', '1', NULL, NULL, NULL, NULL, NULL, NULL, NULL, NULL, 'BOT客户', 'BOT客户', 'BOT Customer', '?????? BOT', 'BOT_SellFX', '1', '2025-10-03 02:27:25', '2025-10-09 13:19:23', NULL
'181', 'customer_name', 'VARCHAR', '200', NULL, NULL, '客户姓名', 'Customer Name', '??????????', '21', '1', NULL, NULL, NULL, NULL, NULL, NULL, NULL, NULL, 'BOT客户', 'BOT客户', 'BOT Customer', '?????? BOT', 'BOT_SellFX', '1', '2025-10-03 02:27:25', '2025-10-09 13:19:23', NULL
'182', 'currency_code', 'VARCHAR', '10', NULL, NULL, '货币代码', 'Currency Code', '????????', '30', '1', NULL, NULL, NULL, NULL, NULL, NULL, NULL, NULL, 'BOT货币', 'BOT货币', 'BOT Currency', '???????? BOT', 'BOT_SellFX', '1', '2025-10-03 02:27:25', '2025-10-09 13:19:23', NULL
'183', 'foreign_amount', 'DECIMAL', NULL, NULL, NULL, '外币金额', 'Foreign Amount', '???????????????????', '31', '1', NULL, NULL, NULL, NULL, NULL, NULL, NULL, NULL, 'BOT货币', 'BOT货币', 'BOT Currency', '???????? BOT', 'BOT_SellFX', '1', '2025-10-03 02:27:25', '2025-10-09 13:19:23', NULL
'184', 'exchange_rate', 'DECIMAL', NULL, NULL, NULL, '汇率', 'Exchange Rate', '???????????????', '32', '1', NULL, NULL, NULL, NULL, NULL, NULL, NULL, NULL, 'BOT货币', 'BOT货币', 'BOT Currency', '???????? BOT', 'BOT_SellFX', '1', '2025-10-03 02:27:25', '2025-10-09 13:19:23', NULL
'185', 'thb_amount', 'DECIMAL', NULL, NULL, NULL, '泰铢金额', 'THB Amount', '????????????', '33', '1', NULL, NULL, NULL, NULL, NULL, NULL, NULL, NULL, 'BOT货币', 'BOT货币', 'BOT Currency', '???????? BOT', 'BOT_SellFX', '1', '2025-10-03 02:27:25', '2025-10-09 13:19:23', NULL
'186', 'payment_purpose', 'VARCHAR', '200', NULL, NULL, '付款目的', 'Payment Purpose', '??????????????', '40', '0', NULL, NULL, NULL, NULL, NULL, NULL, NULL, NULL, 'BOT交易', 'BOT交易', 'BOT Transaction', '??????? BOT', 'BOT_SellFX', '1', '2025-10-03 02:27:25', '2025-10-09 13:19:23', NULL
'188', 'total_amount', 'DECIMAL', NULL, NULL, NULL, '交易金额', 'Transaction Amount', '????????????????', '1', '0', NULL, NULL, NULL, NULL, NULL, NULL, NULL, NULL, 'transaction_info', '交易信息', 'Transaction Info', '?????????????', 'AMLO-1-01', '1', '2025-10-09 23:51:51', '2025-10-25 15:05:50', 'fill_45'
'189', 'usd_equivalent', 'DECIMAL', NULL, NULL, NULL, '美元等值', 'USD Equivalent', '??????????????? USD', '1', '0', NULL, NULL, NULL, NULL, NULL, NULL, NULL, NULL, '交易信息', '交易信息', 'Transaction Info', '?????????????', 'BOT_BuyFX', '1', '2025-10-09 23:51:51', '2025-10-09 23:51:51', NULL
'190', 'asset_value', 'DECIMAL', NULL, NULL, NULL, '资产价值', 'Asset Value', '???????????????', '1', '0', NULL, NULL, NULL, NULL, NULL, NULL, NULL, NULL, 'transaction_info', '交易信息', 'Transaction Info', '?????????????', 'AMLO-1-02', '1', '2025-10-09 23:51:51', '2025-10-12 15:03:01', NULL
'191', 'use_fcd', 'BOOLEAN', NULL, NULL, NULL, '使用FCD', 'Use FCD', '??? FCD', '1', '0', NULL, NULL, NULL, NULL, NULL, NULL, NULL, NULL, '交易信息', '交易信息', 'Transaction Info', '?????????????', 'BOT_FCD', '1', '2025-10-09 23:51:51', '2025-10-09 23:51:51', NULL
'192', 'cumulative_amount_1month', 'DECIMAL', NULL, NULL, NULL, '累计金额(1个月)', 'Cumulative Amount (1 Month)', '????????????? (1 ?????)', '1', '0', NULL, NULL, NULL, NULL, NULL, NULL, NULL, NULL, 'transaction_info', '交易信息', 'Transaction Info', '?????????????', 'AMLO-1-03', '1', '2025-10-09 23:51:51', '2025-10-12 15:03:01', NULL
'193', 'transaction_count_1month', 'INT', NULL, NULL, NULL, '交易次数(1个月)', 'Transaction Count (1 Month)', '???????????? (1 ?????)', '1', '0', NULL, NULL, NULL, NULL, NULL, NULL, NULL, NULL, 'transaction_info', '交易信息', 'Transaction Info', '?????????????', 'AMLO-1-03', '1', '2025-10-09 23:51:51', '2025-10-12 15:03:01', NULL
'199', 'institution_code', 'VARCHAR', '50', NULL, NULL, '机构代码', 'Institution Code', '??????????', '1', '1', NULL, NULL, '请输入机构代码', 'Enter institution code', '??????????????', NULL, NULL, NULL, 'Provider Information', '提供方信息', 'Provider Information', '??????????????????', 'BOT_Provider', '1', '2025-10-10 01:41:47', '2025-10-10 01:41:47', NULL
'200', 'licensee_name', 'VARCHAR', '200', NULL, NULL, '授权机构名称', 'Licensee Name', '??????????????????', '2', '1', NULL, NULL, '请输入授权机构名称', 'Enter licensee name', '??????????????????????', NULL, NULL, NULL, 'Provider Information', '提供方信息', 'Provider Information', '??????????????????', 'BOT_Provider', '1', '2025-10-10 01:41:47', '2025-10-10 01:41:47', NULL
'201', 'license_no', 'VARCHAR', '50', NULL, NULL, '许可证号', 'License Number', 'License No', '3', '1', NULL, NULL, '请输入许可证号', 'Enter license number', '???? License No', NULL, NULL, NULL, 'Provider Information', '提供方信息', 'Provider Information', '??????????????????', 'BOT_Provider', '1', '2025-10-10 01:41:47', '2025-10-10 01:41:47', NULL
'202', 'business_name', 'VARCHAR', '200', NULL, NULL, '营业场所名称', 'Business Name', '?????????????????', '4', '1', NULL, NULL, '请输入营业场所名称', 'Enter business name', '?????????????????????', NULL, NULL, NULL, 'Provider Information', '提供方信息', 'Provider Information', '??????????????????', 'BOT_Provider', '1', '2025-10-10 01:41:47', '2025-10-10 01:41:47', NULL
'203', 'business_code', 'VARCHAR', '50', NULL, NULL, '营业场所代码', 'Business Code', '???????????????????????????', '5', '1', NULL, NULL, '请输入营业场所代码', 'Enter business code', '???????????????????????????????', NULL, NULL, NULL, 'Provider Information', '提供方信息', 'Provider Information', '??????????????????', 'BOT_Provider', '1', '2025-10-10 01:41:47', '2025-10-10 01:41:47', NULL
'204', 'report_month', 'ENUM', '20', NULL, NULL, '报告月份', 'Report Month', '???????? (?????)', '6', '1', NULL, NULL, '选择报告月份', 'Select report month', '????????????? (?????)', NULL, NULL, NULL, 'Report Period', '报告期间', 'Report Period', '?????????', 'BOT_Provider', '1', '2025-10-10 01:41:47', '2025-10-10 01:41:47', NULL
'205', 'report_year', 'INT', '4', NULL, NULL, '报告年份', 'Report Year', '???????? (??)', '7', '1', NULL, NULL, '输入报告年份', 'Enter report year', '???????????? (??)', NULL, NULL, NULL, 'Report Period', '报告期间', 'Report Period', '?????????', 'BOT_Provider', '1', '2025-10-10 01:41:47', '2025-10-10 01:41:47', NULL
'206', 'data_date', 'DATE', '10', NULL, NULL, '数据日期', 'Data Date', '???????????????', '8', '1', NULL, NULL, '选择数据日期', 'Select data date', '????????????????????', NULL, NULL, NULL, 'Report Period', '报告期间', 'Report Period', '?????????', 'BOT_Provider', '1', '2025-10-10 01:41:47', '2025-10-10 01:41:47', NULL
'207', 'adjustment_currency', 'VARCHAR', '10', NULL, NULL, '调节币种', 'Adjustment Currency', '???????????????', '9', '1', NULL, NULL, '币种代码', 'Currency code', '????????????', NULL, NULL, NULL, 'Adjustment Details', '调节详情', 'Adjustment Details', '????????????????????', 'BOT_Provider', '1', '2025-10-10 01:41:47', '2025-10-10 01:41:47', NULL
'208', 'adjustment_amount', 'INT', '15', NULL, NULL, '调节金额', 'Adjustment Amount', '????????????????', '10', '1', NULL, NULL, '调节金额', 'Adjustment amount', '????????????????', NULL, NULL, NULL, 'Adjustment Details', '调节详情', 'Adjustment Details', '????????????????????', 'BOT_Provider', '1', '2025-10-10 01:41:47', '2025-10-10 01:41:47', NULL
'209', 'adjustment_reason', 'TEXT', '500', NULL, NULL, '调节原因', 'Adjustment Reason', '????????????????', '11', '1', NULL, NULL, '请说明调节原因', 'Enter adjustment reason', '????????????????????', NULL, NULL, NULL, 'Adjustment Details', '调节详情', 'Adjustment Details', '????????????????????', 'BOT_Provider', '1', '2025-10-10 01:41:47', '2025-10-10 01:41:47', NULL
